real_host_attack_rate,honeypot_hit_rate,deception_success_rate,signal_effect,mean_belief_last_step,defender_signal_real_sN,defender_signal_real_sH,defender_signal_honeypot_sN,defender_signal_honeypot_sH,attacker_real_sN,attacker_real_sH,attacker_honeypot_sN,attacker_honeypot_sH,parameter_name,parameter_value,training_time_s
0.0029787234042553193,0.0007547169811320754,0.2222222222222222,0.03012075049993951,0.21725660299882293,0.4177367208359089,0.5822632790245909,0.3012095575287657,0.6987904423250342,0.09196400941939921,0.03220419912549952,0.038425345051545,0.038907035757524334,N,5,178.72913885116577
0.0,0.0,0.0,0.02399378963559892,0.5487041182949075,0.5981179412443246,0.4018820588001564,0.5985716620210099,0.40142833870363565,0.07734121584030673,0.05288043386609086,0.07344220544315047,0.0499154081461685,N,7,190.5839066505432
0.057916666666666665,0.10115384615384615,0.654228855721393,0.040186156867279776,0.3490909180697054,0.36565915212035177,0.6343408479169012,0.3906247340715848,0.6093752659964733,0.2746401005082114,0.33023359421167314,0.3188082086817473,0.34358702871284513,N,10,227.60074496269226
