real_host_attack_rate,honeypot_hit_rate,deception_success_rate,signal_effect,mean_belief_last_step,defender_signal_real_sN,defender_signal_real_sH,defender_signal_honeypot_sN,defender_signal_honeypot_sH,attacker_real_sN,attacker_real_sH,attacker_honeypot_sN,attacker_honeypot_sH,parameter_name,parameter_value,training_time_s
0.2804255319148936,0.13660377358490566,0.3545543584720862,0.23355373153989195,0.22658521892502903,0.3069580317811763,0.6930419683393012,0.3350591653023126,0.6649408346583259,0.08091088031256434,0.3749038337725196,0.05921601413987404,0.23233052375970265,c_theta1,0.6,160.53867292404175
0.0029787234042553193,0.0007547169811320754,0.2222222222222222,0.03012075049993951,0.21725660299882293,0.4177367208359089,0.5822632790245909,0.3012095575287657,0.6987904423250342,0.09196400941939921,0.03220419912549952,0.038425345051545,0.038907035757524334,c_theta1,1.0,165.70414996147156
0.0,0.0,0.0,0.016875043695263693,0.3868796970881522,0.5238734608000898,0.4761265389209098,0.3409488816081353,0.6590511181781876,0.036867701605707404,0.01734261966691437,0.0344728441634522,0.02024783871171785,c_theta1,1.4,171.70320987701416
