real_host_attack_rate,honeypot_hit_rate,deception_success_rate,signal_effect,mean_belief_last_step,defender_signal_real_sN,defender_signal_real_sH,defender_signal_honeypot_sN,defender_signal_honeypot_sH,attacker_real_sN,attacker_real_sH,attacker_honeypot_sN,attacker_honeypot_sH,parameter_name,parameter_value,training_time_s
0.285531914893617,0.1460377358490566,0.3657844990548204,0.11764469862995564,0.2432632819470018,0.31216967204783824,0.6878303280662983,0.3008501308819033,0.6991498689381581,0.2265011879966169,0.4175117298102687,0.2323350231840685,0.276613878630328,psi0,0.3,173.9567129611969
0.0029787234042553193,0.0007547169811320754,0.2222222222222222,0.03012075049993951,0.21725660299882293,0.4177367208359089,0.5822632790245909,0.3012095575287657,0.6987904423250342,0.09196400941939921,0.03220419912549952,0.038425345051545,0.038907035757524334,psi0,0.5,170.41783809661865
0.2817021276595745,0.13811320754716983,0.3560311284046693,0.2353548044107449,0.43364802956581117,0.3461774881342624,0.6538225119069536,0.34343932646625447,0.6565606732975762,0.06518949554967028,0.3615404859963286,0.050349399484018724,0.22470801785885028,psi0,0.7,174.8188440799713
