real_host_attack_rate,honeypot_hit_rate,deception_success_rate,signal_effect,mean_belief_last_step,defender_signal_real_sN,defender_signal_real_sH,defender_signal_honeypot_sN,defender_signal_honeypot_sH,attacker_real_sN,attacker_real_sH,attacker_honeypot_sN,attacker_honeypot_sH,parameter_name,parameter_value,training_time_s
0.04212765957446808,0.015471698113207547,0.29285714285714287,0.046121056791987795,0.32935205122455957,0.4575941672477316,0.542405832777632,0.3537554569964139,0.6462445433578401,0.1919340677681784,0.14807610560555942,0.07333471425871055,0.12171886568006716,c_theta2,0.6,170.5890839099884
0.0029787234042553193,0.0007547169811320754,0.2222222222222222,0.03012075049993951,0.21725660299882293,0.4177367208359089,0.5822632790245909,0.3012095575287657,0.6987904423250342,0.09196400941939921,0.03220419912549952,0.038425345051545,0.038907035757524334,c_theta2,1.0,171.19139409065247
0.2804255319148936,0.1362264150943396,0.353921568627451,0.31187006018269336,0.40573153756558894,0.3386244879631286,0.6613755125346336,0.3645261304108602,0.6354738696285014,0.08470036182443522,0.4630739356286545,0.06860103156631354,0.31396757812748094,c_theta2,1.4,166.0449571609497
